address,m00,m01,m02,m03,m10,m11,m12,m13,m20,m21,m22,m23,m30,m31,m32,m33
0x1e39f061048,0,-0.733375,0,0,0,1.37038,0,0,0,1.41119,0,0,0,-0.646914,0,0
0x1e39f061058,0,1.37038,0,0,0,1.41119,0,0,0,-0.646914,0,0,0,0.359814,0,0
0x1e3c2863db4,0.882507,0,0,0,0,1.56498,0,0,0,0,1.0002,1,0,0,-1.0002,0
0x1e3c2863df4,0.882507,0,0,0,0,1.56498,0,0,0,0,1.0002,1,0,0,-1.0002,0
0x1e3c2863e74,-0.872517,-0.0487986,0.146792,0.146762,1.19156e-05,1.53078,0.207953,0.207912,-0.13241,0.321697,-0.967268,-0.967075,-241.483,10.9734,-93.0149,-91.9963
0x1e3c2863eb4,-0.872517,-0.0487986,0.146792,0.146762,1.19156e-05,1.53078,0.207953,0.207912,-0.13241,0.321697,-0.967268,-0.967075,0,0,-1.0002,0
0x1e3c2863ef4,-0.872517,-0.0487986,0.146792,0.146762,1.19156e-05,1.53078,0.207953,0.207912,-0.13241,0.321697,-0.967268,-0.967075,-241.483,10.9734,-93.0149,-91.9963
0x1e3c2863f34,-0.872517,-0.0487986,0.146792,0.146762,1.19156e-05,1.53078,0.207953,0.207912,-0.13241,0.321697,-0.967268,-0.967075,-241.483,10.9734,-93.0149,-91.9963
0x1e3c2863fb4,0.882507,0,0,0,0,1.56498,0,0,0,0,1.0002,1,0,0,-1.0002,0
0x1e3c2a86448,0.882507,0,0,0,0,1.56498,0,0,0,0,1.0002,1,0,0,-1.0002,0
0x1e3c2a86548,-0.872517,-0.0487986,0.146792,0.146762,1.19156e-05,1.53078,0.207953,0.207912,-0.13241,0.321697,-0.967268,-0.967075,-241.483,10.9734,-93.0149,-91.9963
