address,v0,v1,v2,v3,v4,v5,v6,v7,v8,v9,v10,v11,v12,v13,v14,v15
0x9a496fe290,4.1326e-40,-8.95396e-39,-3.20154e-20,6.76827e-43,1.4013e-45,0,1.42345e-38,-8.95396e-39,-3.20247e-20,6.76827e-43,1.4013e-45,6.76827e-43,2.41527e-38,-8.95396e-39,-3.20182e-20,6.76827e-43
0x9a496fe2a8,1.42345e-38,-8.95396e-39,-3.20247e-20,6.76827e-43,1.4013e-45,6.76827e-43,2.41527e-38,-8.95396e-39,-3.20182e-20,6.76827e-43,1.4013e-45,-8.97692e-39,3.67268e-22,-8.95396e-39,-3.20703e-20,6.76827e-43
0x9a496fe2c0,2.41527e-38,-8.95396e-39,-3.20182e-20,6.76827e-43,1.4013e-45,-8.97692e-39,3.67268e-22,-8.95396e-39,-3.20703e-20,6.76827e-43,1.4013e-45,6.76827e-43,4.59177e-41,-8.95396e-39,-3.20117e-20,6.76827e-43
0x9a496fe2d8,3.67268e-22,-8.95396e-39,-3.20703e-20,6.76827e-43,1.4013e-45,6.76827e-43,4.59177e-41,-8.95396e-39,-3.20117e-20,6.76827e-43,1.4013e-45,6.76827e-43,-4.25542e+26,-8.95463e-39,-3.20284e-20,6.76827e-43
0x9a496fe2dc,-8.95396e-39,-3.20703e-20,6.76827e-43,1.4013e-45,6.76827e-43,4.59177e-41,-8.95396e-39,-3.20117e-20,6.76827e-43,1.4013e-45,6.76827e-43,-4.25542e+26,-8.95463e-39,-3.20284e-20,6.76827e-43,1.4013e-45
0x9a496fe308,-4.25542e+26,-8.95463e-39,-3.20284e-20,6.76827e-43,1.4013e-45,-8.99914e-39,38272,-8.9568e-39,-3.20042e-20,6.76827e-43,1.4013e-45,6.76827e-43,1.73719e-31,-8.95692e-39,-3.20452e-20,6.76827e-43
0x9a496fe30c,-8.95463e-39,-3.20284e-20,6.76827e-43,1.4013e-45,-8.99914e-39,38272,-8.9568e-39,-3.20042e-20,6.76827e-43,1.4013e-45,6.76827e-43,1.73719e-31,-8.95692e-39,-3.20452e-20,6.76827e-43,1.4013e-45
0x9a496fe320,38272,-8.9568e-39,-3.20042e-20,6.76827e-43,1.4013e-45,6.76827e-43,1.73719e-31,-8.95692e-39,-3.20452e-20,6.76827e-43,1.4013e-45,6.76827e-43,1.53415e-17,-8.95762e-39,-3.20052e-20,6.76827e-43
0x9a496fe324,-8.9568e-39,-3.20042e-20,6.76827e-43,1.4013e-45,6.76827e-43,1.73719e-31,-8.95692e-39,-3.20452e-20,6.76827e-43,1.4013e-45,6.76827e-43,1.53415e-17,-8.95762e-39,-3.20052e-20,6.76827e-43,1.4013e-45
0x9a496fe338,1.73719e-31,-8.95692e-39,-3.20452e-20,6.76827e-43,1.4013e-45,6.76827e-43,1.53415e-17,-8.95762e-39,-3.20052e-20,6.76827e-43,1.4013e-45,-8.97692e-39,-5.02913e+26,-8.95866e-39,-3.20108e-20,6.76827e-43
0x9a496fe33c,-8.95692e-39,-3.20452e-20,6.76827e-43,1.4013e-45,6.76827e-43,1.53415e-17,-8.95762e-39,-3.20052e-20,6.76827e-43,1.4013e-45,-8.97692e-39,-5.02913e+26,-8.95866e-39,-3.20108e-20,6.76827e-43,1.4013e-45
0x9a496fe368,-5.02913e+26,-8.95866e-39,-3.20108e-20,6.76827e-43,1.4013e-45,6.76827e-43,-2.74439e-19,-8.96268e-39,-3.20368e-20,6.76827e-43,1.4013e-45,-8.95396e-39,-7.71952e-17,-8.96275e-39,-3.20424e-20,6.76827e-43
0x9a496fe36c,-8.95866e-39,-3.20108e-20,6.76827e-43,1.4013e-45,6.76827e-43,-2.74439e-19,-8.96268e-39,-3.20368e-20,6.76827e-43,1.4013e-45,-8.95396e-39,-7.71952e-17,-8.96275e-39,-3.20424e-20,6.76827e-43,1.4013e-45
0x9a496fe380,-2.74439e-19,-8.96268e-39,-3.20368e-20,6.76827e-43,1.4013e-45,-8.95396e-39,-7.71952e-17,-8.96275e-39,-3.20424e-20,6.76827e-43,1.4013e-45,6.76827e-43,-1.9762e-14,-8.96275e-39,-3.20415e-20,6.76827e-43
0x9a496fe384,-8.96268e-39,-3.20368e-20,6.76827e-43,1.4013e-45,-8.95396e-39,-7.71952e-17,-8.96275e-39,-3.20424e-20,6.76827e-43,1.4013e-45,6.76827e-43,-1.9762e-14,-8.96275e-39,-3.20415e-20,6.76827e-43,1.4013e-45
0x9a496fe3c8,7.02563e-17,-8.96403e-39,-3.20331e-20,6.76827e-43,1.4013e-45,-8.95396e-39,-7.71952e-17,-8.96419e-39,-3.2047e-20,6.76827e-43,1.4013e-45,-8.95692e-39,1.35917e-38,-8.96526e-39,-3.20647e-20,6.76827e-43
0x9a496fe3cc,-8.96403e-39,-3.20331e-20,6.76827e-43,1.4013e-45,-8.95396e-39,-7.71952e-17,-8.96419e-39,-3.2047e-20,6.76827e-43,1.4013e-45,-8.95692e-39,1.35917e-38,-8.96526e-39,-3.20647e-20,6.76827e-43,1.4013e-45
0x9a496fe3f8,1.35917e-38,-8.96526e-39,-3.20647e-20,6.76827e-43,1.4013e-45,-8.92011e-39,-5.63785e-17,-8.9656e-39,-3.20266e-20,6.76827e-43,1.4013e-45,6.76827e-43,-6.31006e-17,-8.96564e-39,-3.20294e-20,6.76827e-43
0x9a496fe3fc,-8.96526e-39,-3.20647e-20,6.76827e-43,1.4013e-45,-8.92011e-39,-5.63785e-17,-8.9656e-39,-3.20266e-20,6.76827e-43,1.4013e-45,6.76827e-43,-6.31006e-17,-8.96564e-39,-3.20294e-20,6.76827e-43,1.4013e-45
0x9a496fe410,-5.63785e-17,-8.9656e-39,-3.20266e-20,6.76827e-43,1.4013e-45,6.76827e-43,-6.31006e-17,-8.96564e-39,-3.20294e-20,6.76827e-43,1.4013e-45,-8.95762e-39,6.6575e-10,-8.96572e-39,-3.20554e-20,6.76827e-43
0x9a496fe414,-8.9656e-39,-3.20266e-20,6.76827e-43,1.4013e-45,6.76827e-43,-6.31006e-17,-8.96564e-39,-3.20294e-20,6.76827e-43,1.4013e-45,-8.95762e-39,6.6575e-10,-8.96572e-39,-3.20554e-20,6.76827e-43,1.4013e-45
0x9a496fe428,-6.31006e-17,-8.96564e-39,-3.20294e-20,6.76827e-43,1.4013e-45,-8.95762e-39,6.6575e-10,-8.96572e-39,-3.20554e-20,6.76827e-43,1.4013e-45,6.76827e-43,4.3944e-24,-8.96638e-39,-3.20126e-20,6.76827e-43
0x9a496fe440,6.6575e-10,-8.96572e-39,-3.20554e-20,6.76827e-43,1.4013e-45,6.76827e-43,4.3944e-24,-8.96638e-39,-3.20126e-20,6.76827e-43,1.4013e-45,-8.99216e-39,3.86856e+28,-8.96653e-39,-3.2021e-20,6.76827e-43
0x9a496fe444,-8.96572e-39,-3.20554e-20,6.76827e-43,1.4013e-45,6.76827e-43,4.3944e-24,-8.96638e-39,-3.20126e-20,6.76827e-43,1.4013e-45,-8.99216e-39,3.86856e+28,-8.96653e-39,-3.2021e-20,6.76827e-43,1.4013e-45
0x9a496fe470,3.86856e+28,-8.96653e-39,-3.2021e-20,6.76827e-43,1.4013e-45,-8.99272e-39,-3.1552e-20,-8.96818e-39,-3.2075e-20,6.76827e-43,1.4013e-45,-8.9644e-39,1.7367e+06,-8.96851e-39,-3.20219e-20,6.76827e-43
0x9a496fe474,-8.96653e-39,-3.2021e-20,6.76827e-43,1.4013e-45,-8.99272e-39,-3.1552e-20,-8.96818e-39,-3.2075e-20,6.76827e-43,1.4013e-45,-8.9644e-39,1.7367e+06,-8.96851e-39,-3.20219e-20,6.76827e-43,1.4013e-45
0x9a496fe488,-3.1552e-20,-8.96818e-39,-3.2075e-20,6.76827e-43,1.4013e-45,-8.9644e-39,1.7367e+06,-8.96851e-39,-3.20219e-20,6.76827e-43,1.4013e-45,6.76827e-43,-8.13152e-20,-8.97038e-39,-3.20712e-20,6.76827e-43
0x9a496fe4b8,-8.13152e-20,-8.97038e-39,-3.20712e-20,6.76827e-43,1.4013e-45,-8.97504e-39,-7.25851e-23,-8.97104e-39,-3.20349e-20,6.76827e-43,1.4013e-45,-8.95396e-39,-1.62766e+33,-8.97117e-39,-3.20657e-20,6.76827e-43
0x9a496fe4d4,-8.97104e-39,-3.20349e-20,6.76827e-43,1.4013e-45,-8.95396e-39,-1.62766e+33,-8.97117e-39,-3.20657e-20,6.76827e-43,1.4013e-45,6.76827e-43,-1.06229e-09,-8.97136e-39,-3.20322e-20,6.76827e-43,1.4013e-45
0x9a496fe500,-1.06229e-09,-8.97136e-39,-3.20322e-20,6.76827e-43,1.4013e-45,-8.94965e-39,0.000984192,-8.97199e-39,-3.20098e-20,6.76827e-43,1.4013e-45,-8.96818e-39,-2.86229e-16,-8.97269e-39,-3.2007e-20,6.76827e-43
0x9a496fe504,-8.97136e-39,-3.20322e-20,6.76827e-43,1.4013e-45,-8.94965e-39,0.000984192,-8.97199e-39,-3.20098e-20,6.76827e-43,1.4013e-45,-8.96818e-39,-2.86229e-16,-8.97269e-39,-3.2007e-20,6.76827e-43,1.4013e-45
0x9a496fe518,0.000984192,-8.97199e-39,-3.20098e-20,6.76827e-43,1.4013e-45,-8.96818e-39,-2.86229e-16,-8.97269e-39,-3.2007e-20,6.76827e-43,1.4013e-45,6.76827e-43,5232,-8.97748e-39,-3.20312e-20,6.76827e-43
0x9a496fe51c,-8.97199e-39,-3.20098e-20,6.76827e-43,1.4013e-45,-8.96818e-39,-2.86229e-16,-8.97269e-39,-3.2007e-20,6.76827e-43,1.4013e-45,6.76827e-43,5232,-8.97748e-39,-3.20312e-20,6.76827e-43,1.4013e-45
0x9a496fe530,-2.86229e-16,-8.97269e-39,-3.2007e-20,6.76827e-43,1.4013e-45,6.76827e-43,5232,-8.97748e-39,-3.20312e-20,6.76827e-43,1.4013e-45,6.76827e-43,-7.94093e-20,-8.98021e-39,-3.20684e-20,6.76827e-43
0x9a496fe534,-8.97269e-39,-3.2007e-20,6.76827e-43,1.4013e-45,6.76827e-43,5232,-8.97748e-39,-3.20312e-20,6.76827e-43,1.4013e-45,6.76827e-43,-7.94093e-20,-8.98021e-39,-3.20684e-20,6.76827e-43,1.4013e-45
0x9a496fe548,5232,-8.97748e-39,-3.20312e-20,6.76827e-43,1.4013e-45,6.76827e-43,-7.94093e-20,-8.98021e-39,-3.20684e-20,6.76827e-43,1.4013e-45,-8.95396e-39,8.11034e-20,-8.98187e-39,-3.20666e-20,6.76827e-43
0x9a496fe54c,-8.97748e-39,-3.20312e-20,6.76827e-43,1.4013e-45,6.76827e-43,-7.94093e-20,-8.98021e-39,-3.20684e-20,6.76827e-43,1.4013e-45,-8.95396e-39,8.11034e-20,-8.98187e-39,-3.20666e-20,6.76827e-43,1.4013e-45
0x9a496fe560,-7.94093e-20,-8.98021e-39,-3.20684e-20,6.76827e-43,1.4013e-45,-8.95396e-39,8.11034e-20,-8.98187e-39,-3.20666e-20,6.76827e-43,1.4013e-45,-8.95505e-39,2.88889e-31,-8.98502e-39,-3.20619e-20,6.76827e-43
0x9a496fe564,-8.98021e-39,-3.20684e-20,6.76827e-43,1.4013e-45,-8.95396e-39,8.11034e-20,-8.98187e-39,-3.20666e-20,6.76827e-43,1.4013e-45,-8.95505e-39,2.88889e-31,-8.98502e-39,-3.20619e-20,6.76827e-43,1.4013e-45
0x9a496fe590,2.88889e-31,-8.98502e-39,-3.20619e-20,6.76827e-43,1.4013e-45,-8.99232e-39,2.20676e+18,-8.98814e-39,-3.20638e-20,6.76827e-43,1.4013e-45,-8.96638e-39,1.24601e-10,-8.99177e-39,-3.2034e-20,6.76827e-43
0x9a496fe620,-7.65975e+27,-8.99272e-39,-3.20359e-20,6.76827e-43,1.4013e-45,6.76827e-43,-6.88604e+27,-8.99292e-39,-3.20377e-20,6.76827e-43,1.4013e-45,6.76827e-43,-7.39863e+26,-8.99298e-39,-3.20396e-20,6.76827e-43
0x9a496fe624,-8.99272e-39,-3.20359e-20,6.76827e-43,1.4013e-45,6.76827e-43,-6.88604e+27,-8.99292e-39,-3.20377e-20,6.76827e-43,1.4013e-45,6.76827e-43,-7.39863e+26,-8.99298e-39,-3.20396e-20,6.76827e-43,1.4013e-45
0x9a496fe710,9.42402e+35,-8.99879e-39,-3.20433e-20,6.76827e-43,1.4013e-45,0,1.05441e+12,-8.9989e-39,-3.20089e-20,6.76827e-43,1.4013e-45,-8.95396e-39,-1.39605e+23,-8.99914e-39,-3.20191e-20,6.76827e-43
0x9a496fe714,-8.99879e-39,-3.20433e-20,6.76827e-43,1.4013e-45,0,1.05441e+12,-8.9989e-39,-3.20089e-20,6.76827e-43,1.4013e-45,-8.95396e-39,-1.39605e+23,-8.99914e-39,-3.20191e-20,6.76827e-43,1.4013e-45
0x9a497fde00,4.1326e-40,-8.95396e-39,-3.20154e-20,6.76827e-43,1.4013e-45,-8.95505e-39,1.42345e-38,-8.95396e-39,-3.20247e-20,6.76827e-43,1.4013e-45,6.76827e-43,2.41527e-38,-8.95396e-39,-3.20182e-20,6.76827e-43
0x9a497fde18,1.42345e-38,-8.95396e-39,-3.20247e-20,6.76827e-43,1.4013e-45,6.76827e-43,2.41527e-38,-8.95396e-39,-3.20182e-20,6.76827e-43,1.4013e-45,6.76827e-43,3.67268e-22,-8.95396e-39,-3.20703e-20,6.76827e-43
0x9a497fde30,2.41527e-38,-8.95396e-39,-3.20182e-20,6.76827e-43,1.4013e-45,6.76827e-43,3.67268e-22,-8.95396e-39,-3.20703e-20,6.76827e-43,1.4013e-45,-8.9989e-39,4.59177e-41,-8.95396e-39,-3.20117e-20,6.76827e-43
0x9a497fde48,3.67268e-22,-8.95396e-39,-3.20703e-20,6.76827e-43,1.4013e-45,-8.9989e-39,4.59177e-41,-8.95396e-39,-3.20117e-20,6.76827e-43,1.4013e-45,-8.94965e-39,-4.25542e+26,-8.95463e-39,-3.20284e-20,6.76827e-43
0x9a497fde4c,-8.95396e-39,-3.20703e-20,6.76827e-43,1.4013e-45,-8.9989e-39,4.59177e-41,-8.95396e-39,-3.20117e-20,6.76827e-43,1.4013e-45,-8.94965e-39,-4.25542e+26,-8.95463e-39,-3.20284e-20,6.76827e-43,1.4013e-45
0x9a497fde78,-4.25542e+26,-8.95463e-39,-3.20284e-20,6.76827e-43,1.4013e-45,-8.96638e-39,38272,-8.9568e-39,-3.20042e-20,6.76827e-43,1.4013e-45,-8.97504e-39,1.73719e-31,-8.95692e-39,-3.20452e-20,6.76827e-43
0x9a497fde7c,-8.95463e-39,-3.20284e-20,6.76827e-43,1.4013e-45,-8.96638e-39,38272,-8.9568e-39,-3.20042e-20,6.76827e-43,1.4013e-45,-8.97504e-39,1.73719e-31,-8.95692e-39,-3.20452e-20,6.76827e-43,1.4013e-45
0x9a497fde90,38272,-8.9568e-39,-3.20042e-20,6.76827e-43,1.4013e-45,-8.97504e-39,1.73719e-31,-8.95692e-39,-3.20452e-20,6.76827e-43,1.4013e-45,-8.90804e-39,1.53415e-17,-8.95762e-39,-3.20052e-20,6.76827e-43
0x9a497fde94,-8.9568e-39,-3.20042e-20,6.76827e-43,1.4013e-45,-8.97504e-39,1.73719e-31,-8.95692e-39,-3.20452e-20,6.76827e-43,1.4013e-45,-8.90804e-39,1.53415e-17,-8.95762e-39,-3.20052e-20,6.76827e-43,1.4013e-45
0x9a497fdea8,1.73719e-31,-8.95692e-39,-3.20452e-20,6.76827e-43,1.4013e-45,-8.90804e-39,1.53415e-17,-8.95762e-39,-3.20052e-20,6.76827e-43,1.4013e-45,-8.95396e-39,-5.02913e+26,-8.95866e-39,-3.20108e-20,6.76827e-43
0x9a497fdeac,-8.95692e-39,-3.20452e-20,6.76827e-43,1.4013e-45,-8.90804e-39,1.53415e-17,-8.95762e-39,-3.20052e-20,6.76827e-43,1.4013e-45,-8.95396e-39,-5.02913e+26,-8.95866e-39,-3.20108e-20,6.76827e-43,1.4013e-45
0x9a497fdec0,1.53415e-17,-8.95762e-39,-3.20052e-20,6.76827e-43,1.4013e-45,-8.95396e-39,-5.02913e+26,-8.95866e-39,-3.20108e-20,6.76827e-43,1.4013e-45,-8.99216e-39,-2.74439e-19,-8.96268e-39,-3.20368e-20,6.76827e-43
0x9a497fded8,-5.02913e+26,-8.95866e-39,-3.20108e-20,6.76827e-43,1.4013e-45,-8.99216e-39,-2.74439e-19,-8.96268e-39,-3.20368e-20,6.76827e-43,1.4013e-45,6.76827e-43,-7.71952e-17,-8.96275e-39,-3.20424e-20,6.76827e-43
0x9a497fdedc,-8.95866e-39,-3.20108e-20,6.76827e-43,1.4013e-45,-8.99216e-39,-2.74439e-19,-8.96268e-39,-3.20368e-20,6.76827e-43,1.4013e-45,6.76827e-43,-7.71952e-17,-8.96275e-39,-3.20424e-20,6.76827e-43,1.4013e-45
0x9a497fdef0,-2.74439e-19,-8.96268e-39,-3.20368e-20,6.76827e-43,1.4013e-45,6.76827e-43,-7.71952e-17,-8.96275e-39,-3.20424e-20,6.76827e-43,1.4013e-45,-8.98257e-39,-1.9762e-14,-8.96275e-39,-3.20415e-20,6.76827e-43
0x9a497fdef4,-8.96268e-39,-3.20368e-20,6.76827e-43,1.4013e-45,6.76827e-43,-7.71952e-17,-8.96275e-39,-3.20424e-20,6.76827e-43,1.4013e-45,-8.98257e-39,-1.9762e-14,-8.96275e-39,-3.20415e-20,6.76827e-43,1.4013e-45
0x9a497fdf38,7.02563e-17,-8.96403e-39,-3.20331e-20,6.76827e-43,1.4013e-45,-8.95396e-39,-7.71952e-17,-8.96419e-39,-3.2047e-20,6.76827e-43,1.4013e-45,-8.96268e-39,1.35917e-38,-8.96526e-39,-3.20647e-20,6.76827e-43
0x9a497fdf3c,-8.96403e-39,-3.20331e-20,6.76827e-43,1.4013e-45,-8.95396e-39,-7.71952e-17,-8.96419e-39,-3.2047e-20,6.76827e-43,1.4013e-45,-8.96268e-39,1.35917e-38,-8.96526e-39,-3.20647e-20,6.76827e-43,1.4013e-45
0x9a497fdf68,1.35917e-38,-8.96526e-39,-3.20647e-20,6.76827e-43,1.4013e-45,-8.99856e-39,-5.63785e-17,-8.9656e-39,-3.20266e-20,6.76827e-43,1.4013e-45,0,-6.31006e-17,-8.96564e-39,-3.20294e-20,6.76827e-43
0x9a497fdf6c,-8.96526e-39,-3.20647e-20,6.76827e-43,1.4013e-45,-8.99856e-39,-5.63785e-17,-8.9656e-39,-3.20266e-20,6.76827e-43,1.4013e-45,0,-6.31006e-17,-8.96564e-39,-3.20294e-20,6.76827e-43,1.4013e-45
0x9a497fdf80,-5.63785e-17,-8.9656e-39,-3.20266e-20,6.76827e-43,1.4013e-45,0,-6.31006e-17,-8.96564e-39,-3.20294e-20,6.76827e-43,1.4013e-45,-8.95233e-39,6.6575e-10,-8.96572e-39,-3.20554e-20,6.76827e-43
0x9a497fdf84,-8.9656e-39,-3.20266e-20,6.76827e-43,1.4013e-45,0,-6.31006e-17,-8.96564e-39,-3.20294e-20,6.76827e-43,1.4013e-45,-8.95233e-39,6.6575e-10,-8.96572e-39,-3.20554e-20,6.76827e-43,1.4013e-45
0x9a497fdf98,-6.31006e-17,-8.96564e-39,-3.20294e-20,6.76827e-43,1.4013e-45,-8.95233e-39,6.6575e-10,-8.96572e-39,-3.20554e-20,6.76827e-43,1.4013e-45,-8.95396e-39,4.3944e-24,-8.96638e-39,-3.20126e-20,6.76827e-43
0x9a497fdfb0,6.6575e-10,-8.96572e-39,-3.20554e-20,6.76827e-43,1.4013e-45,-8.95396e-39,4.3944e-24,-8.96638e-39,-3.20126e-20,6.76827e-43,1.4013e-45,-8.98021e-39,3.86856e+28,-8.96653e-39,-3.2021e-20,6.76827e-43
0x9a497fdfb4,-8.96572e-39,-3.20554e-20,6.76827e-43,1.4013e-45,-8.95396e-39,4.3944e-24,-8.96638e-39,-3.20126e-20,6.76827e-43,1.4013e-45,-8.98021e-39,3.86856e+28,-8.96653e-39,-3.2021e-20,6.76827e-43,1.4013e-45
0x9a497fdfe0,3.86856e+28,-8.96653e-39,-3.2021e-20,6.76827e-43,1.4013e-45,83.8451,-3.1552e-20,-8.96818e-39,-3.2075e-20,6.76827e-43,1.4013e-45,-8.99586e-39,1.7367e+06,-8.96851e-39,-3.20219e-20,6.76827e-43
0x9a497fdfe4,-8.96653e-39,-3.2021e-20,6.76827e-43,1.4013e-45,83.8451,-3.1552e-20,-8.96818e-39,-3.2075e-20,6.76827e-43,1.4013e-45,-8.99586e-39,1.7367e+06,-8.96851e-39,-3.20219e-20,6.76827e-43,1.4013e-45
0x9a497fdff8,-3.1552e-20,-8.96818e-39,-3.2075e-20,6.76827e-43,1.4013e-45,-8.99586e-39,1.7367e+06,-8.96851e-39,-3.20219e-20,6.76827e-43,1.4013e-45,-8.9938e-39,-8.13152e-20,-8.97038e-39,-3.20712e-20,6.76827e-43
0x9a497fe028,-8.13152e-20,-8.97038e-39,-3.20712e-20,6.76827e-43,1.4013e-45,-8.95396e-39,-7.25851e-23,-8.97104e-39,-3.20349e-20,6.76827e-43,1.4013e-45,-8.9156e-39,-1.62766e+33,-8.97117e-39,-3.20657e-20,6.76827e-43
0x9a497fe044,-8.97104e-39,-3.20349e-20,6.76827e-43,1.4013e-45,-8.9156e-39,-1.62766e+33,-8.97117e-39,-3.20657e-20,6.76827e-43,1.4013e-45,-8.99232e-39,-1.06229e-09,-8.97136e-39,-3.20322e-20,6.76827e-43,1.4013e-45
0x9a497fe070,-1.06229e-09,-8.97136e-39,-3.20322e-20,6.76827e-43,1.4013e-45,6.76827e-43,0.000984192,-8.97199e-39,-3.20098e-20,6.76827e-43,1.4013e-45,-8.92011e-39,-2.86229e-16,-8.97269e-39,-3.2007e-20,6.76827e-43
0x9a497fe074,-8.97136e-39,-3.20322e-20,6.76827e-43,1.4013e-45,6.76827e-43,0.000984192,-8.97199e-39,-3.20098e-20,6.76827e-43,1.4013e-45,-8.92011e-39,-2.86229e-16,-8.97269e-39,-3.2007e-20,6.76827e-43,1.4013e-45
0x9a497fe088,0.000984192,-8.97199e-39,-3.20098e-20,6.76827e-43,1.4013e-45,-8.92011e-39,-2.86229e-16,-8.97269e-39,-3.2007e-20,6.76827e-43,1.4013e-45,-8.95422e-39,5232,-8.97748e-39,-3.20312e-20,6.76827e-43
0x9a497fe08c,-8.97199e-39,-3.20098e-20,6.76827e-43,1.4013e-45,-8.92011e-39,-2.86229e-16,-8.97269e-39,-3.2007e-20,6.76827e-43,1.4013e-45,-8.95422e-39,5232,-8.97748e-39,-3.20312e-20,6.76827e-43,1.4013e-45
0x9a497fe0a0,-2.86229e-16,-8.97269e-39,-3.2007e-20,6.76827e-43,1.4013e-45,-8.95422e-39,5232,-8.97748e-39,-3.20312e-20,6.76827e-43,1.4013e-45,4.59079e-41,-7.94093e-20,-8.98021e-39,-3.20684e-20,6.76827e-43
0x9a497fe0a4,-8.97269e-39,-3.2007e-20,6.76827e-43,1.4013e-45,-8.95422e-39,5232,-8.97748e-39,-3.20312e-20,6.76827e-43,1.4013e-45,4.59079e-41,-7.94093e-20,-8.98021e-39,-3.20684e-20,6.76827e-43,1.4013e-45
0x9a497fe0b8,5232,-8.97748e-39,-3.20312e-20,6.76827e-43,1.4013e-45,4.59079e-41,-7.94093e-20,-8.98021e-39,-3.20684e-20,6.76827e-43,1.4013e-45,6.76827e-43,8.11034e-20,-8.98187e-39,-3.20666e-20,6.76827e-43
0x9a497fe0bc,-8.97748e-39,-3.20312e-20,6.76827e-43,1.4013e-45,4.59079e-41,-7.94093e-20,-8.98021e-39,-3.20684e-20,6.76827e-43,1.4013e-45,6.76827e-43,8.11034e-20,-8.98187e-39,-3.20666e-20,6.76827e-43,1.4013e-45
0x9a497fe0d0,-7.94093e-20,-8.98021e-39,-3.20684e-20,6.76827e-43,1.4013e-45,6.76827e-43,8.11034e-20,-8.98187e-39,-3.20666e-20,6.76827e-43,1.4013e-45,-8.97269e-39,2.88889e-31,-8.98502e-39,-3.20619e-20,6.76827e-43
0x9a497fe0d4,-8.98021e-39,-3.20684e-20,6.76827e-43,1.4013e-45,6.76827e-43,8.11034e-20,-8.98187e-39,-3.20666e-20,6.76827e-43,1.4013e-45,-8.97269e-39,2.88889e-31,-8.98502e-39,-3.20619e-20,6.76827e-43,1.4013e-45
0x9a497fe0e8,8.11034e-20,-8.98187e-39,-3.20666e-20,6.76827e-43,1.4013e-45,-8.97269e-39,2.88889e-31,-8.98502e-39,-3.20619e-20,6.76827e-43,1.4013e-45,-8.99303e-39,2.20676e+18,-8.98814e-39,-3.20638e-20,6.76827e-43
0x9a497fe0ec,-8.98187e-39,-3.20666e-20,6.76827e-43,1.4013e-45,-8.97269e-39,2.88889e-31,-8.98502e-39,-3.20619e-20,6.76827e-43,1.4013e-45,-8.99303e-39,2.20676e+18,-8.98814e-39,-3.20638e-20,6.76827e-43,1.4013e-45
0x9a497fe100,2.88889e-31,-8.98502e-39,-3.20619e-20,6.76827e-43,1.4013e-45,-8.99303e-39,2.20676e+18,-8.98814e-39,-3.20638e-20,6.76827e-43,1.4013e-45,-8.95396e-39,1.24601e-10,-8.99177e-39,-3.2034e-20,6.76827e-43
0x9a497fe118,2.20676e+18,-8.98814e-39,-3.20638e-20,6.76827e-43,1.4013e-45,-8.95396e-39,1.24601e-10,-8.99177e-39,-3.2034e-20,6.76827e-43,1.4013e-45,-8.95463e-39,1.54146e+33,-8.99203e-39,-3.20228e-20,6.76827e-43
0x9a497fe190,-7.65975e+27,-8.99272e-39,-3.20359e-20,6.76827e-43,1.4013e-45,0,-6.88604e+27,-8.99292e-39,-3.20377e-20,6.76827e-43,1.4013e-45,-8.95396e-39,-7.39863e+26,-8.99298e-39,-3.20396e-20,6.76827e-43
0x9a497fe194,-8.99272e-39,-3.20359e-20,6.76827e-43,1.4013e-45,0,-6.88604e+27,-8.99292e-39,-3.20377e-20,6.76827e-43,1.4013e-45,-8.95396e-39,-7.39863e+26,-8.99298e-39,-3.20396e-20,6.76827e-43,1.4013e-45
0x9a497fe280,9.42402e+35,-8.99879e-39,-3.20433e-20,6.76827e-43,1.4013e-45,6.76827e-43,1.05441e+12,-8.9989e-39,-3.20089e-20,6.76827e-43,1.4013e-45,0,-1.39605e+23,-8.99914e-39,-3.20191e-20,6.76827e-43
0x9a497fe284,-8.99879e-39,-3.20433e-20,6.76827e-43,1.4013e-45,6.76827e-43,1.05441e+12,-8.9989e-39,-3.20089e-20,6.76827e-43,1.4013e-45,0,-1.39605e+23,-8.99914e-39,-3.20191e-20,6.76827e-43,1.4013e-45
0x9a498fdfd0,4.1326e-40,-8.95396e-39,-3.20154e-20,6.76827e-43,1.4013e-45,-8.9938e-39,1.42345e-38,-8.95396e-39,-3.20247e-20,6.76827e-43,1.4013e-45,-8.97692e-39,2.41527e-38,-8.95396e-39,-3.20182e-20,6.76827e-43
0x9a498fdfe8,1.42345e-38,-8.95396e-39,-3.20247e-20,6.76827e-43,1.4013e-45,-8.97692e-39,2.41527e-38,-8.95396e-39,-3.20182e-20,6.76827e-43,1.4013e-45,6.76827e-43,3.67268e-22,-8.95396e-39,-3.20703e-20,6.76827e-43
0x9a498fe000,2.41527e-38,-8.95396e-39,-3.20182e-20,6.76827e-43,1.4013e-45,6.76827e-43,3.67268e-22,-8.95396e-39,-3.20703e-20,6.76827e-43,1.4013e-45,-8.96526e-39,4.59177e-41,-8.95396e-39,-3.20117e-20,6.76827e-43
0x9a498fe018,3.67268e-22,-8.95396e-39,-3.20703e-20,6.76827e-43,1.4013e-45,-8.96526e-39,4.59177e-41,-8.95396e-39,-3.20117e-20,6.76827e-43,1.4013e-45,-8.95396e-39,-4.25542e+26,-8.95463e-39,-3.20284e-20,6.76827e-43
0x9a498fe01c,-8.95396e-39,-3.20703e-20,6.76827e-43,1.4013e-45,-8.96526e-39,4.59177e-41,-8.95396e-39,-3.20117e-20,6.76827e-43,1.4013e-45,-8.95396e-39,-4.25542e+26,-8.95463e-39,-3.20284e-20,6.76827e-43,1.4013e-45
0x9a498fe048,-4.25542e+26,-8.95463e-39,-3.20284e-20,6.76827e-43,1.4013e-45,6.76827e-43,38272,-8.9568e-39,-3.20042e-20,6.76827e-43,1.4013e-45,-8.9156e-39,1.73719e-31,-8.95692e-39,-3.20452e-20,6.76827e-43
0x9a498fe04c,-8.95463e-39,-3.20284e-20,6.76827e-43,1.4013e-45,6.76827e-43,38272,-8.9568e-39,-3.20042e-20,6.76827e-43,1.4013e-45,-8.9156e-39,1.73719e-31,-8.95692e-39,-3.20452e-20,6.76827e-43,1.4013e-45
0x9a498fe060,38272,-8.9568e-39,-3.20042e-20,6.76827e-43,1.4013e-45,-8.9156e-39,1.73719e-31,-8.95692e-39,-3.20452e-20,6.76827e-43,1.4013e-45,0,1.53415e-17,-8.95762e-39,-3.20052e-20,6.76827e-43
0x9a498fe078,1.73719e-31,-8.95692e-39,-3.20452e-20,6.76827e-43,1.4013e-45,0,1.53415e-17,-8.95762e-39,-3.20052e-20,6.76827e-43,1.4013e-45,6.76827e-43,-5.02913e+26,-8.95866e-39,-3.20108e-20,6.76827e-43
0x9a498fe07c,-8.95692e-39,-3.20452e-20,6.76827e-43,1.4013e-45,0,1.53415e-17,-8.95762e-39,-3.20052e-20,6.76827e-43,1.4013e-45,6.76827e-43,-5.02913e+26,-8.95866e-39,-3.20108e-20,6.76827e-43,1.4013e-45
0x9a498fe0a8,-5.02913e+26,-8.95866e-39,-3.20108e-20,6.76827e-43,1.4013e-45,-8.95396e-39,-2.74439e-19,-8.96268e-39,-3.20368e-20,6.76827e-43,1.4013e-45,-8.97692e-39,-7.71952e-17,-8.96275e-39,-3.20424e-20,6.76827e-43
0x9a498fe0ac,-8.95866e-39,-3.20108e-20,6.76827e-43,1.4013e-45,-8.95396e-39,-2.74439e-19,-8.96268e-39,-3.20368e-20,6.76827e-43,1.4013e-45,-8.97692e-39,-7.71952e-17,-8.96275e-39,-3.20424e-20,6.76827e-43,1.4013e-45
0x9a498fe0c0,-2.74439e-19,-8.96268e-39,-3.20368e-20,6.76827e-43,1.4013e-45,-8.97692e-39,-7.71952e-17,-8.96275e-39,-3.20424e-20,6.76827e-43,1.4013e-45,-8.95396e-39,-1.9762e-14,-8.96275e-39,-3.20415e-20,6.76827e-43
0x9a498fe0c4,-8.96268e-39,-3.20368e-20,6.76827e-43,1.4013e-45,-8.97692e-39,-7.71952e-17,-8.96275e-39,-3.20424e-20,6.76827e-43,1.4013e-45,-8.95396e-39,-1.9762e-14,-8.96275e-39,-3.20415e-20,6.76827e-43,1.4013e-45
0x9a498fe108,7.02563e-17,-8.96403e-39,-3.20331e-20,6.76827e-43,1.4013e-45,-8.98257e-39,-7.71952e-17,-8.96419e-39,-3.2047e-20,6.76827e-43,1.4013e-45,6.76827e-43,1.35917e-38,-8.96526e-39,-3.20647e-20,6.76827e-43
0x9a498fe138,1.35917e-38,-8.96526e-39,-3.20647e-20,6.76827e-43,1.4013e-45,6.76827e-43,-5.63785e-17,-8.9656e-39,-3.20266e-20,6.76827e-43,1.4013e-45,0,-6.31006e-17,-8.96564e-39,-3.20294e-20,6.76827e-43
0x9a498fe13c,-8.96526e-39,-3.20647e-20,6.76827e-43,1.4013e-45,6.76827e-43,-5.63785e-17,-8.9656e-39,-3.20266e-20,6.76827e-43,1.4013e-45,0,-6.31006e-17,-8.96564e-39,-3.20294e-20,6.76827e-43,1.4013e-45
0x9a498fe150,-5.63785e-17,-8.9656e-39,-3.20266e-20,6.76827e-43,1.4013e-45,0,-6.31006e-17,-8.96564e-39,-3.20294e-20,6.76827e-43,1.4013e-45,4.59079e-41,6.6575e-10,-8.96572e-39,-3.20554e-20,6.76827e-43
0x9a498fe154,-8.9656e-39,-3.20266e-20,6.76827e-43,1.4013e-45,0,-6.31006e-17,-8.96564e-39,-3.20294e-20,6.76827e-43,1.4013e-45,4.59079e-41,6.6575e-10,-8.96572e-39,-3.20554e-20,6.76827e-43,1.4013e-45
0x9a498fe168,-6.31006e-17,-8.96564e-39,-3.20294e-20,6.76827e-43,1.4013e-45,4.59079e-41,6.6575e-10,-8.96572e-39,-3.20554e-20,6.76827e-43,1.4013e-45,-8.9644e-39,4.3944e-24,-8.96638e-39,-3.20126e-20,6.76827e-43
0x9a498fe180,6.6575e-10,-8.96572e-39,-3.20554e-20,6.76827e-43,1.4013e-45,-8.9644e-39,4.3944e-24,-8.96638e-39,-3.20126e-20,6.76827e-43,1.4013e-45,6.76827e-43,3.86856e+28,-8.96653e-39,-3.2021e-20,6.76827e-43
0x9a498fe1b0,3.86856e+28,-8.96653e-39,-3.2021e-20,6.76827e-43,1.4013e-45,0,-3.1552e-20,-8.96818e-39,-3.2075e-20,6.76827e-43,1.4013e-45,-8.95396e-39,1.7367e+06,-8.96851e-39,-3.20219e-20,6.76827e-43
0x9a498fe1b4,-8.96653e-39,-3.2021e-20,6.76827e-43,1.4013e-45,0,-3.1552e-20,-8.96818e-39,-3.2075e-20,6.76827e-43,1.4013e-45,-8.95396e-39,1.7367e+06,-8.96851e-39,-3.20219e-20,6.76827e-43,1.4013e-45
0x9a498fe1c8,-3.1552e-20,-8.96818e-39,-3.2075e-20,6.76827e-43,1.4013e-45,-8.95396e-39,1.7367e+06,-8.96851e-39,-3.20219e-20,6.76827e-43,1.4013e-45,0,-8.13152e-20,-8.97038e-39,-3.20712e-20,6.76827e-43
0x9a498fe1f8,-8.13152e-20,-8.97038e-39,-3.20712e-20,6.76827e-43,1.4013e-45,-8.97104e-39,-7.25851e-23,-8.97104e-39,-3.20349e-20,6.76827e-43,1.4013e-45,6.76827e-43,-1.62766e+33,-8.97117e-39,-3.20657e-20,6.76827e-43
0x9a498fe214,-8.97104e-39,-3.20349e-20,6.76827e-43,1.4013e-45,6.76827e-43,-1.62766e+33,-8.97117e-39,-3.20657e-20,6.76827e-43,1.4013e-45,-8.99303e-39,-1.06229e-09,-8.97136e-39,-3.20322e-20,6.76827e-43,1.4013e-45
0x9a498fe240,-1.06229e-09,-8.97136e-39,-3.20322e-20,6.76827e-43,1.4013e-45,-8.99914e-39,0.000984192,-8.97199e-39,-3.20098e-20,6.76827e-43,1.4013e-45,-8.95396e-39,-2.86229e-16,-8.97269e-39,-3.2007e-20,6.76827e-43
0x9a498fe244,-8.97136e-39,-3.20322e-20,6.76827e-43,1.4013e-45,-8.99914e-39,0.000984192,-8.97199e-39,-3.20098e-20,6.76827e-43,1.4013e-45,-8.95396e-39,-2.86229e-16,-8.97269e-39,-3.2007e-20,6.76827e-43,1.4013e-45
0x9a498fe258,0.000984192,-8.97199e-39,-3.20098e-20,6.76827e-43,1.4013e-45,-8.95396e-39,-2.86229e-16,-8.97269e-39,-3.2007e-20,6.76827e-43,1.4013e-45,-8.99856e-39,5232,-8.97748e-39,-3.20312e-20,6.76827e-43
0x9a498fe25c,-8.97199e-39,-3.20098e-20,6.76827e-43,1.4013e-45,-8.95396e-39,-2.86229e-16,-8.97269e-39,-3.2007e-20,6.76827e-43,1.4013e-45,-8.99856e-39,5232,-8.97748e-39,-3.20312e-20,6.76827e-43,1.4013e-45
0x9a498fe270,-2.86229e-16,-8.97269e-39,-3.2007e-20,6.76827e-43,1.4013e-45,-8.99856e-39,5232,-8.97748e-39,-3.20312e-20,6.76827e-43,1.4013e-45,-8.99366e-39,-7.94093e-20,-8.98021e-39,-3.20684e-20,6.76827e-43
0x9a498fe274,-8.97269e-39,-3.2007e-20,6.76827e-43,1.4013e-45,-8.99856e-39,5232,-8.97748e-39,-3.20312e-20,6.76827e-43,1.4013e-45,-8.99366e-39,-7.94093e-20,-8.98021e-39,-3.20684e-20,6.76827e-43,1.4013e-45
0x9a498fe288,5232,-8.97748e-39,-3.20312e-20,6.76827e-43,1.4013e-45,-8.99366e-39,-7.94093e-20,-8.98021e-39,-3.20684e-20,6.76827e-43,1.4013e-45,-8.99586e-39,8.11034e-20,-8.98187e-39,-3.20666e-20,6.76827e-43
0x9a498fe28c,-8.97748e-39,-3.20312e-20,6.76827e-43,1.4013e-45,-8.99366e-39,-7.94093e-20,-8.98021e-39,-3.20684e-20,6.76827e-43,1.4013e-45,-8.99586e-39,8.11034e-20,-8.98187e-39,-3.20666e-20,6.76827e-43,1.4013e-45
0x9a498fe2a0,-7.94093e-20,-8.98021e-39,-3.20684e-20,6.76827e-43,1.4013e-45,-8.99586e-39,8.11034e-20,-8.98187e-39,-3.20666e-20,6.76827e-43,1.4013e-45,-8.96851e-39,2.88889e-31,-8.98502e-39,-3.20619e-20,6.76827e-43
0x9a498fe2a4,-8.98021e-39,-3.20684e-20,6.76827e-43,1.4013e-45,-8.99586e-39,8.11034e-20,-8.98187e-39,-3.20666e-20,6.76827e-43,1.4013e-45,-8.96851e-39,2.88889e-31,-8.98502e-39,-3.20619e-20,6.76827e-43,1.4013e-45
0x9a498fe2d0,2.88889e-31,-8.98502e-39,-3.20619e-20,6.76827e-43,1.4013e-45,6.76827e-43,2.20676e+18,-8.98814e-39,-3.20638e-20,6.76827e-43,1.4013e-45,-8.96818e-39,1.24601e-10,-8.99177e-39,-3.2034e-20,6.76827e-43
0x9a498fe2e8,2.20676e+18,-8.98814e-39,-3.20638e-20,6.76827e-43,1.4013e-45,-8.96818e-39,1.24601e-10,-8.99177e-39,-3.2034e-20,6.76827e-43,1.4013e-45,6.76827e-43,1.54146e+33,-8.99203e-39,-3.20228e-20,6.76827e-43
0x9a498fe360,-7.65975e+27,-8.99272e-39,-3.20359e-20,6.76827e-43,1.4013e-45,6.76827e-43,-6.88604e+27,-8.99292e-39,-3.20377e-20,6.76827e-43,1.4013e-45,6.76827e-43,-7.39863e+26,-8.99298e-39,-3.20396e-20,6.76827e-43
0x9a498fe364,-8.99272e-39,-3.20359e-20,6.76827e-43,1.4013e-45,6.76827e-43,-6.88604e+27,-8.99292e-39,-3.20377e-20,6.76827e-43,1.4013e-45,6.76827e-43,-7.39863e+26,-8.99298e-39,-3.20396e-20,6.76827e-43,1.4013e-45
0x9a498fe948,2.38641e-42,0,-2.77154e+12,6.76827e-43,3.3491e-43,0,0,0,0,0,1,0,0,1,0,1
0x1e3827a72f8,-3.48416e-36,6.76827e-43,-2.50605e-11,6.76827e-43,-1.08184e+24,6.76827e-43,-3.87689e-11,6.76827e-43,-2.86979e-30,4.59079e-41,-1401.27,6.76827e-43,-3.27868e-31,4.59079e-41,0,0
0x1e3827a7308,-1.08184e+24,6.76827e-43,-3.87689e-11,6.76827e-43,-2.86979e-30,4.59079e-41,-1401.27,6.76827e-43,-3.27868e-31,4.59079e-41,0,0,0,0,0,0
0x1e3827c0d98,1.63474e-38,0,-1.83999e-37,6.76827e-43,0,0,-2.32547e-38,6.76827e-43,-2.82857e-38,6.76827e-43,1.4013e-45,0,-3.28122e-31,4.59079e-41,1.45735e-43,0
0x1e38361f690,-6.00922e-37,6.76827e-43,-2.22275e+13,-3.94719e-34,-105.163,6.76827e-43,-2.40142e+13,-3.94742e-34,-105.168,6.76827e-43,-2.41516e+13,-3.94754e-34,-105.173,6.76827e-43,-2.37393e+13,-3.94755e-34
0x1e3838a30d8,-105.156,1.4013e-45,0,0,0,0,-1.144e-17,6.76827e-43,-1.47308e-32,4.59079e-41,-141.862,1.4013e-45,0,0,0,0
0x1e3838a3100,-141.862,1.4013e-45,0,0,0,0,-1.14403e-17,6.76827e-43,-1.47308e-32,4.59079e-41,0,1.4013e-45,0,0,0,0
0x1e3838a3150,-105.156,1.4013e-45,0,0,0,0,-1.14405e-17,6.76827e-43,-1.47308e-32,4.59079e-41,28.8001,1.4013e-45,0,0,0,0
0x1e3838a31f0,-102.154,1.4013e-45,0,0,0,0,-1.14417e-17,6.76827e-43,-1.47308e-32,4.59079e-41,-14.6605,1.4013e-45,0,0,0,0
0x1e383c10658,-9.15415e+08,6.76827e-43,-9.15505e+08,6.76827e-43,-9.16046e+08,6.76827e-43,-9.18197e+08,6.76827e-43,-9.15494e+08,6.76827e-43,-3.62526e+30,6.76827e-43,-3.62771e+30,6.76827e-43,-8.67225e+09,6.76827e-43
0x1e383c10660,-9.15505e+08,6.76827e-43,-9.16046e+08,6.76827e-43,-9.18197e+08,6.76827e-43,-9.15494e+08,6.76827e-43,-3.62526e+30,6.76827e-43,-3.62771e+30,6.76827e-43,-8.67225e+09,6.76827e-43,-9.17859e+08,6.76827e-43
0x1e383c10668,-9.16046e+08,6.76827e-43,-9.18197e+08,6.76827e-43,-9.15494e+08,6.76827e-43,-3.62526e+30,6.76827e-43,-3.62771e+30,6.76827e-43,-8.67225e+09,6.76827e-43,-9.17859e+08,6.76827e-43,-9.19053e+08,6.76827e-43
0x1e383c10680,-3.62526e+30,6.76827e-43,-3.62771e+30,6.76827e-43,-8.67225e+09,6.76827e-43,-9.17859e+08,6.76827e-43,-9.19053e+08,6.76827e-43,-3.62787e+30,6.76827e-43,-3.6276e+30,6.76827e-43,-3.62494e+30,6.76827e-43
0x1e383c10688,-3.62771e+30,6.76827e-43,-8.67225e+09,6.76827e-43,-9.17859e+08,6.76827e-43,-9.19053e+08,6.76827e-43,-3.62787e+30,6.76827e-43,-3.6276e+30,6.76827e-43,-3.62494e+30,6.76827e-43,-9.19211e+08,6.76827e-43
0x1e383c10690,-8.67225e+09,6.76827e-43,-9.17859e+08,6.76827e-43,-9.19053e+08,6.76827e-43,-3.62787e+30,6.76827e-43,-3.6276e+30,6.76827e-43,-3.62494e+30,6.76827e-43,-9.19211e+08,6.76827e-43,-3.62356e+30,6.76827e-43
0x1e383c10698,-9.17859e+08,6.76827e-43,-9.19053e+08,6.76827e-43,-3.62787e+30,6.76827e-43,-3.6276e+30,6.76827e-43,-3.62494e+30,6.76827e-43,-9.19211e+08,6.76827e-43,-3.62356e+30,6.76827e-43,-3.62697e+30,6.76827e-43
0x1e383c106a0,-9.19053e+08,6.76827e-43,-3.62787e+30,6.76827e-43,-3.6276e+30,6.76827e-43,-3.62494e+30,6.76827e-43,-9.19211e+08,6.76827e-43,-3.62356e+30,6.76827e-43,-3.62697e+30,6.76827e-43,-0.000105529,6.76827e-43
0x1e383c106a8,-3.62787e+30,6.76827e-43,-3.6276e+30,6.76827e-43,-3.62494e+30,6.76827e-43,-9.19211e+08,6.76827e-43,-3.62356e+30,6.76827e-43,-3.62697e+30,6.76827e-43,-0.000105529,6.76827e-43,-3.64175e+30,6.76827e-43
0x1e383c106b0,-3.6276e+30,6.76827e-43,-3.62494e+30,6.76827e-43,-9.19211e+08,6.76827e-43,-3.62356e+30,6.76827e-43,-3.62697e+30,6.76827e-43,-0.000105529,6.76827e-43,-3.64175e+30,6.76827e-43,-3.62792e+30,6.76827e-43
0x1e383c106b8,-3.62494e+30,6.76827e-43,-9.19211e+08,6.76827e-43,-3.62356e+30,6.76827e-43,-3.62697e+30,6.76827e-43,-0.000105529,6.76827e-43,-3.64175e+30,6.76827e-43,-3.62792e+30,6.76827e-43,-3.62218e+30,6.76827e-43
0x1e383c106c0,-9.19211e+08,6.76827e-43,-3.62356e+30,6.76827e-43,-3.62697e+30,6.76827e-43,-0.000105529,6.76827e-43,-3.64175e+30,6.76827e-43,-3.62792e+30,6.76827e-43,-3.62218e+30,6.76827e-43,-3.62479e+30,6.76827e-43
0x1e383c106c8,-3.62356e+30,6.76827e-43,-3.62697e+30,6.76827e-43,-0.000105529,6.76827e-43,-3.64175e+30,6.76827e-43,-3.62792e+30,6.76827e-43,-3.62218e+30,6.76827e-43,-3.62479e+30,6.76827e-43,-0.000105588,6.76827e-43
0x1e383c106d0,-3.62697e+30,6.76827e-43,-0.000105529,6.76827e-43,-3.64175e+30,6.76827e-43,-3.62792e+30,6.76827e-43,-3.62218e+30,6.76827e-43,-3.62479e+30,6.76827e-43,-0.000105588,6.76827e-43,-3.6267e+30,6.76827e-43
0x1e383c106d8,-0.000105529,6.76827e-43,-3.64175e+30,6.76827e-43,-3.62792e+30,6.76827e-43,-3.62218e+30,6.76827e-43,-3.62479e+30,6.76827e-43,-0.000105588,6.76827e-43,-3.6267e+30,6.76827e-43,-9.1947e+08,6.76827e-43
0x1e383c106e0,-3.64175e+30,6.76827e-43,-3.62792e+30,6.76827e-43,-3.62218e+30,6.76827e-43,-3.62479e+30,6.76827e-43,-0.000105588,6.76827e-43,-3.6267e+30,6.76827e-43,-9.1947e+08,6.76827e-43,-9.19459e+08,6.76827e-43
0x1e383c106e8,-3.62792e+30,6.76827e-43,-3.62218e+30,6.76827e-43,-3.62479e+30,6.76827e-43,-0.000105588,6.76827e-43,-3.6267e+30,6.76827e-43,-9.1947e+08,6.76827e-43,-9.19459e+08,6.76827e-43,-0.000105569,6.76827e-43
0x1e383c106f0,-3.62218e+30,6.76827e-43,-3.62479e+30,6.76827e-43,-0.000105588,6.76827e-43,-3.6267e+30,6.76827e-43,-9.1947e+08,6.76827e-43,-9.19459e+08,6.76827e-43,-0.000105569,6.76827e-43,-3.62553e+30,6.76827e-43
0x1e383c106f8,-3.62479e+30,6.76827e-43,-0.000105588,6.76827e-43,-3.6267e+30,6.76827e-43,-9.1947e+08,6.76827e-43,-9.19459e+08,6.76827e-43,-0.000105569,6.76827e-43,-3.62553e+30,6.76827e-43,-9.19279e+08,6.76827e-43
0x1e383c10700,-0.000105588,6.76827e-43,-3.6267e+30,6.76827e-43,-9.1947e+08,6.76827e-43,-9.19459e+08,6.76827e-43,-0.000105569,6.76827e-43,-3.62553e+30,6.76827e-43,-9.19279e+08,6.76827e-43,-9.19493e+08,6.76827e-43
0x1e383c10708,-3.6267e+30,6.76827e-43,-9.1947e+08,6.76827e-43,-9.19459e+08,6.76827e-43,-0.000105569,6.76827e-43,-3.62553e+30,6.76827e-43,-9.19279e+08,6.76827e-43,-9.19493e+08,6.76827e-43,-3.62723e+30,6.76827e-43
0x1e383c10720,-0.000105569,6.76827e-43,-3.62553e+30,6.76827e-43,-9.19279e+08,6.76827e-43,-9.19493e+08,6.76827e-43,-3.62723e+30,6.76827e-43,-9.19526e+08,6.76827e-43,-9.19234e+08,6.76827e-43,-9.19369e+08,6.76827e-43
0x1e383c10728,-3.62553e+30,6.76827e-43,-9.19279e+08,6.76827e-43,-9.19493e+08,6.76827e-43,-3.62723e+30,6.76827e-43,-9.19526e+08,6.76827e-43,-9.19234e+08,6.76827e-43,-9.19369e+08,6.76827e-43,-3.62484e+30,6.76827e-43
0x1e383c10730,-9.19279e+08,6.76827e-43,-9.19493e+08,6.76827e-43,-3.62723e+30,6.76827e-43,-9.19526e+08,6.76827e-43,-9.19234e+08,6.76827e-43,-9.19369e+08,6.76827e-43,-3.62484e+30,6.76827e-43,-9.19504e+08,6.76827e-43
0x1e383c10738,-9.19493e+08,6.76827e-43,-3.62723e+30,6.76827e-43,-9.19526e+08,6.76827e-43,-9.19234e+08,6.76827e-43,-9.19369e+08,6.76827e-43,-3.62484e+30,6.76827e-43,-9.19504e+08,6.76827e-43,-0.000105593,6.76827e-43
0x1e383c10740,-3.62723e+30,6.76827e-43,-9.19526e+08,6.76827e-43,-9.19234e+08,6.76827e-43,-9.19369e+08,6.76827e-43,-3.62484e+30,6.76827e-43,-9.19504e+08,6.76827e-43,-0.000105593,6.76827e-43,-3.62388e+30,6.76827e-43
0x1e383c10748,-9.19526e+08,6.76827e-43,-9.19234e+08,6.76827e-43,-9.19369e+08,6.76827e-43,-3.62484e+30,6.76827e-43,-9.19504e+08,6.76827e-43,-0.000105593,6.76827e-43,-3.62388e+30,6.76827e-43,-0.000105564,6.76827e-43
0x1e383c10750,-9.19234e+08,6.76827e-43,-9.19369e+08,6.76827e-43,-3.62484e+30,6.76827e-43,-9.19504e+08,6.76827e-43,-0.000105593,6.76827e-43,-3.62388e+30,6.76827e-43,-0.000105564,6.76827e-43,-3.62324e+30,6.76827e-43
0x1e383c10758,-9.19369e+08,6.76827e-43,-3.62484e+30,6.76827e-43,-9.19504e+08,6.76827e-43,-0.000105593,6.76827e-43,-3.62388e+30,6.76827e-43,-0.000105564,6.76827e-43,-3.62324e+30,6.76827e-43,-0.000105551,6.76827e-43
0x1e383c10760,-3.62484e+30,6.76827e-43,-9.19504e+08,6.76827e-43,-0.000105593,6.76827e-43,-3.62388e+30,6.76827e-43,-0.000105564,6.76827e-43,-3.62324e+30,6.76827e-43,-0.000105551,6.76827e-43,-3.62516e+30,6.76827e-43
0x1e383c10768,-9.19504e+08,6.76827e-43,-0.000105593,6.76827e-43,-3.62388e+30,6.76827e-43,-0.000105564,6.76827e-43,-3.62324e+30,6.76827e-43,-0.000105551,6.76827e-43,-3.62516e+30,6.76827e-43,-3.62627e+30,6.76827e-43
0x1e383c10770,-0.000105593,6.76827e-43,-3.62388e+30,6.76827e-43,-0.000105564,6.76827e-43,-3.62324e+30,6.76827e-43,-0.000105551,6.76827e-43,-3.62516e+30,6.76827e-43,-3.62627e+30,6.76827e-43,-3.62276e+30,6.76827e-43
0x1e383c10778,-3.62388e+30,6.76827e-43,-0.000105564,6.76827e-43,-3.62324e+30,6.76827e-43,-0.000105551,6.76827e-43,-3.62516e+30,6.76827e-43,-3.62627e+30,6.76827e-43,-3.62276e+30,6.76827e-43,-0.000105582,6.76827e-43
0x1e383c10780,-0.000105564,6.76827e-43,-3.62324e+30,6.76827e-43,-0.000105551,6.76827e-43,-3.62516e+30,6.76827e-43,-3.62627e+30,6.76827e-43,-3.62276e+30,6.76827e-43,-0.000105582,6.76827e-43,-9.11281e+08,6.76827e-43
0x1e383c10788,-3.62324e+30,6.76827e-43,-0.000105551,6.76827e-43,-3.62516e+30,6.76827e-43,-3.62627e+30,6.76827e-43,-3.62276e+30,6.76827e-43,-0.000105582,6.76827e-43,-9.11281e+08,6.76827e-43,-3.62335e+30,6.76827e-43
0x1e383c10790,-0.000105551,6.76827e-43,-3.62516e+30,6.76827e-43,-3.62627e+30,6.76827e-43,-3.62276e+30,6.76827e-43,-0.000105582,6.76827e-43,-9.11281e+08,6.76827e-43,-3.62335e+30,6.76827e-43,-9.19391e+08,6.76827e-43
0x1e383c10798,-3.62516e+30,6.76827e-43,-3.62627e+30,6.76827e-43,-3.62276e+30,6.76827e-43,-0.000105582,6.76827e-43,-9.11281e+08,6.76827e-43,-3.62335e+30,6.76827e-43,-9.19391e+08,6.76827e-43,-0.000105584,6.76827e-43
0x1e383c107a0,-3.62627e+30,6.76827e-43,-3.62276e+30,6.76827e-43,-0.000105582,6.76827e-43,-9.11281e+08,6.76827e-43,-3.62335e+30,6.76827e-43,-9.19391e+08,6.76827e-43,-0.000105584,6.76827e-43,-9.19065e+08,6.76827e-43
0x1e383c107a8,-3.62276e+30,6.76827e-43,-0.000105582,6.76827e-43,-9.11281e+08,6.76827e-43,-3.62335e+30,6.76827e-43,-9.19391e+08,6.76827e-43,-0.000105584,6.76827e-43,-9.19065e+08,6.76827e-43,-3.62713e+30,6.76827e-43
0x1e383c107b0,-0.000105582,6.76827e-43,-9.11281e+08,6.76827e-43,-3.62335e+30,6.76827e-43,-9.19391e+08,6.76827e-43,-0.000105584,6.76827e-43,-9.19065e+08,6.76827e-43,-3.62713e+30,6.76827e-43,-3.62729e+30,6.76827e-43
0x1e383c107c0,-3.62335e+30,6.76827e-43,-9.19391e+08,6.76827e-43,-0.000105584,6.76827e-43,-9.19065e+08,6.76827e-43,-3.62713e+30,6.76827e-43,-3.62729e+30,6.76827e-43,-3.6275e+30,6.76827e-43,-3.62808e+30,6.76827e-43
0x1e383c107d8,-9.19065e+08,6.76827e-43,-3.62713e+30,6.76827e-43,-3.62729e+30,6.76827e-43,-3.6275e+30,6.76827e-43,-3.62808e+30,6.76827e-43,-3.62255e+30,6.76827e-43,-9.19324e+08,6.76827e-43,-0.00010555,6.76827e-43
0x1e383c107e0,-3.62713e+30,6.76827e-43,-3.62729e+30,6.76827e-43,-3.6275e+30,6.76827e-43,-3.62808e+30,6.76827e-43,-3.62255e+30,6.76827e-43,-9.19324e+08,6.76827e-43,-0.00010555,6.76827e-43,-0.000105594,6.76827e-43
0x1e383c107e8,-3.62729e+30,6.76827e-43,-3.6275e+30,6.76827e-43,-3.62808e+30,6.76827e-43,-3.62255e+30,6.76827e-43,-9.19324e+08,6.76827e-43,-0.00010555,6.76827e-43,-0.000105594,6.76827e-43,-0.000105592,6.76827e-43
0x1e383c107f0,-3.6275e+30,6.76827e-43,-3.62808e+30,6.76827e-43,-3.62255e+30,6.76827e-43,-9.19324e+08,6.76827e-43,-0.00010555,6.76827e-43,-0.000105594,6.76827e-43,-0.000105592,6.76827e-43,-0.000105579,6.76827e-43
0x1e383c107f8,-3.62808e+30,6.76827e-43,-3.62255e+30,6.76827e-43,-9.19324e+08,6.76827e-43,-0.00010555,6.76827e-43,-0.000105594,6.76827e-43,-0.000105592,6.76827e-43,-0.000105579,6.76827e-43,-3.62463e+30,6.76827e-43
0x1e383c10800,-3.62255e+30,6.76827e-43,-9.19324e+08,6.76827e-43,-0.00010555,6.76827e-43,-0.000105594,6.76827e-43,-0.000105592,6.76827e-43,-0.000105579,6.76827e-43,-3.62463e+30,6.76827e-43,-0.000105583,6.76827e-43
0x1e383c10808,-9.19324e+08,6.76827e-43,-0.00010555,6.76827e-43,-0.000105594,6.76827e-43,-0.000105592,6.76827e-43,-0.000105579,6.76827e-43,-3.62463e+30,6.76827e-43,-0.000105583,6.76827e-43,-3.62691e+30,6.76827e-43
0x1e383c10810,-0.00010555,6.76827e-43,-0.000105594,6.76827e-43,-0.000105592,6.76827e-43,-0.000105579,6.76827e-43,-3.62463e+30,6.76827e-43,-0.000105583,6.76827e-43,-3.62691e+30,6.76827e-43,-3.6233e+30,6.76827e-43
0x1e383c10818,-0.000105594,6.76827e-43,-0.000105592,6.76827e-43,-0.000105579,6.76827e-43,-3.62463e+30,6.76827e-43,-0.000105583,6.76827e-43,-3.62691e+30,6.76827e-43,-3.6233e+30,6.76827e-43,-3.62133e+30,6.76827e-43
0x1e383c10820,-0.000105592,6.76827e-43,-0.000105579,6.76827e-43,-3.62463e+30,6.76827e-43,-0.000105583,6.76827e-43,-3.62691e+30,6.76827e-43,-3.6233e+30,6.76827e-43,-3.62133e+30,6.76827e-43,-9.19571e+08,6.76827e-43
0x1e383c10828,-0.000105579,6.76827e-43,-3.62463e+30,6.76827e-43,-0.000105583,6.76827e-43,-3.62691e+30,6.76827e-43,-3.6233e+30,6.76827e-43,-3.62133e+30,6.76827e-43,-9.19571e+08,6.76827e-43,-3.62776e+30,6.76827e-43
0x1e383c10830,-3.62463e+30,6.76827e-43,-0.000105583,6.76827e-43,-3.62691e+30,6.76827e-43,-3.6233e+30,6.76827e-43,-3.62133e+30,6.76827e-43,-9.19571e+08,6.76827e-43,-3.62776e+30,6.76827e-43,-9.19132e+08,6.76827e-43
0x1e383c10838,-0.000105583,6.76827e-43,-3.62691e+30,6.76827e-43,-3.6233e+30,6.76827e-43,-3.62133e+30,6.76827e-43,-9.19571e+08,6.76827e-43,-3.62776e+30,6.76827e-43,-9.19132e+08,6.76827e-43,-9.11315e+08,6.76827e-43
0x1e383c10840,-3.62691e+30,6.76827e-43,-3.6233e+30,6.76827e-43,-3.62133e+30,6.76827e-43,-9.19571e+08,6.76827e-43,-3.62776e+30,6.76827e-43,-9.19132e+08,6.76827e-43,-9.11315e+08,6.76827e-43,-3.62558e+30,6.76827e-43
0x1e383c10848,-3.6233e+30,6.76827e-43,-3.62133e+30,6.76827e-43,-9.19571e+08,6.76827e-43,-3.62776e+30,6.76827e-43,-9.19132e+08,6.76827e-43,-9.11315e+08,6.76827e-43,-3.62558e+30,6.76827e-43,-3.62367e+30,6.76827e-43
0x1e383c10850,-3.62133e+30,6.76827e-43,-9.19571e+08,6.76827e-43,-3.62776e+30,6.76827e-43,-9.19132e+08,6.76827e-43,-9.11315e+08,6.76827e-43,-3.62558e+30,6.76827e-43,-3.62367e+30,6.76827e-43,-9.11754e+08,6.76827e-43
0x1e383c10858,-9.19571e+08,6.76827e-43,-3.62776e+30,6.76827e-43,-9.19132e+08,6.76827e-43,-9.11315e+08,6.76827e-43,-3.62558e+30,6.76827e-43,-3.62367e+30,6.76827e-43,-9.11754e+08,6.76827e-43,-3.62622e+30,6.76827e-43
0x1e383c10860,-3.62776e+30,6.76827e-43,-9.19132e+08,6.76827e-43,-9.11315e+08,6.76827e-43,-3.62558e+30,6.76827e-43,-3.62367e+30,6.76827e-43,-9.11754e+08,6.76827e-43,-3.62622e+30,6.76827e-43,-9.19076e+08,6.76827e-43
